{
  "2.Get Repositorywith valid User" : {
    "transaction" : "2.Get Repositorywith valid User",
    "sampleCount" : 200,
    "errorCount" : 0,
    "errorPct" : 0.0,
    "meanResTime" : 419.31000000000034,
    "medianResTime" : 414.5,
    "minResTime" : 373.0,
    "maxResTime" : 935.0,
    "pct1ResTime" : 446.0,
    "pct2ResTime" : 457.84999999999997,
    "pct3ResTime" : 596.6700000000003,
    "throughput" : 19.404288347724847,
    "receivedKBytesPerSec" : 153.46868708765888,
    "sentKBytesPerSec" : 5.457456097797613
  },
  "[res_key=reportgenerator_summary_total]" : {
    "transaction" : "[res_key=reportgenerator_summary_total]",
    "sampleCount" : 600,
    "errorCount" : 200,
    "errorPct" : 33.333332,
    "meanResTime" : 438.6033333333336,
    "medianResTime" : 415.0,
    "minResTime" : 356.0,
    "maxResTime" : 1169.0,
    "pct1ResTime" : 477.0,
    "pct2ResTime" : 523.8999999999999,
    "pct3ResTime" : 992.8800000000001,
    "throughput" : 50.03335557038025,
    "receivedKBytesPerSec" : 293.5603716279603,
    "sentKBytesPerSec" : 17.671286065710472
  },
  "1.Create Repository with Invalid Data" : {
    "transaction" : "1.Create Repository with Invalid Data",
    "sampleCount" : 200,
    "errorCount" : 200,
    "errorPct" : 100.0,
    "meanResTime" : 458.09999999999997,
    "medianResTime" : 417.0,
    "minResTime" : 356.0,
    "maxResTime" : 1169.0,
    "pct1ResTime" : 508.6,
    "pct2ResTime" : 927.1499999999999,
    "pct3ResTime" : 1165.96,
    "throughput" : 17.881090746535538,
    "receivedKBytesPerSec" : 33.15405677246312,
    "sentKBytesPerSec" : 7.35150312919088
  },
  "3.Update Repositorywith valid User" : {
    "transaction" : "3.Update Repositorywith valid User",
    "sampleCount" : 200,
    "errorCount" : 0,
    "errorPct" : 0.0,
    "meanResTime" : 438.40000000000015,
    "medianResTime" : 414.0,
    "minResTime" : 379.0,
    "maxResTime" : 981.0,
    "pct1ResTime" : 475.9000000000001,
    "pct2ResTime" : 522.0,
    "pct3ResTime" : 959.95,
    "throughput" : 19.40805434255216,
    "receivedKBytesPerSec" : 152.13450691411936,
    "sentKBytesPerSec" : 7.126394953905871
  }
}